"price","area","bedrooms","bathrooms","mainroad","guestroom","hotwaterheating","airconditioning","parking","Location","furnishingstatus","property_type","Facilities"
13300000,7420,4,2,"yes","no","no","yes",2,"Urban","furnished","Terrace","Sports"
12250000,8960,4,4,"yes","no","no","yes",3,"Rural","furnished","Condo","Sports"
12250000,9960,3,2,"yes","no","no","no",2,"Urban","semi-furnished","Condo","Ent.& Gathering"
12215000,7500,4,2,"yes","no","no","yes",3,"Urban","furnished","Terrace","Ent.& Gathering"
11410000,7420,4,1,"yes","yes","no","yes",2,"Rural","furnished","Terrace","Sports"
10850000,7500,3,3,"yes","no","no","yes",2,"Urban","semi-furnished","Terrace","Both"
10150000,8580,4,3,"yes","no","no","yes",2,"Urban","semi-furnished","Condo","Sports"
10150000,16200,5,3,"yes","no","no","no",0,"Rural","unfurnished","Condo","Ent.& Gathering"
9870000,8100,4,1,"yes","yes","no","yes",2,"Urban","furnished","Apartment","Ent.& Gathering"
9800000,5750,3,2,"yes","yes","no","yes",1,"Urban","unfurnished","Condo","Ent.& Gathering"
9800000,13200,3,1,"yes","no","no","yes",2,"Urban","furnished","Condo","Ent.& Gathering"
9681000,6000,4,3,"yes","yes","yes","no",2,"Rural","semi-furnished","Condo","Sports"
9310000,6550,4,2,"yes","no","no","yes",1,"Urban","semi-furnished","Bungalow","None"
9240000,3500,4,2,"yes","no","yes","no",2,"Rural","furnished","Terrace","None"
9240000,7800,3,2,"yes","no","no","no",0,"Urban","semi-furnished","Condo","None"
9100000,6000,4,1,"yes","no","no","no",2,"Rural","semi-furnished","Condo","None"
9100000,6600,4,2,"yes","yes","no","yes",1,"Urban","unfurnished","Condo","Ent.& Gathering"
8960000,8500,3,2,"yes","no","no","yes",2,"Rural","furnished","Bungalow","None"
8890000,4600,3,2,"yes","yes","no","yes",2,"Rural","furnished","Condo","Both"
8855000,6420,3,2,"yes","no","no","yes",1,"Urban","semi-furnished","Terrace","None"
8750000,4320,3,1,"yes","no","yes","no",2,"Rural","semi-furnished","Condo","Ent.& Gathering"
8680000,7155,3,2,"yes","yes","no","yes",2,"Rural","unfurnished","Apartment","Sports"
8645000,8050,3,1,"yes","yes","no","yes",1,"Rural","furnished","Bungalow","Both"
8645000,4560,3,2,"yes","yes","no","yes",1,"Rural","furnished","Terrace","Both"
8575000,8800,3,2,"yes","no","no","yes",2,"Rural","furnished","Terrace","Both"
8540000,6540,4,2,"yes","yes","no","yes",2,"Urban","furnished","Terrace","Ent.& Gathering"
8463000,6000,3,2,"yes","yes","no","yes",0,"Urban","semi-furnished","Terrace","Ent.& Gathering"
8400000,8875,3,1,"yes","no","no","no",1,"Rural","semi-furnished","Condo","None"
8400000,7950,5,2,"yes","no","yes","no",2,"Rural","unfurnished","Apartment","Ent.& Gathering"
8400000,5500,4,2,"yes","no","no","yes",1,"Urban","semi-furnished","Terrace","None"
8400000,7475,3,2,"yes","no","no","yes",2,"Rural","unfurnished","Terrace","Ent.& Gathering"
8400000,7000,3,1,"yes","no","no","yes",2,"Rural","semi-furnished","Terrace","Both"
8295000,4880,4,2,"yes","no","no","yes",1,"Urban","furnished","Apartment","None"
8190000,5960,3,3,"yes","yes","no","no",1,"Rural","unfurnished","Condo","None"
8120000,6840,5,1,"yes","yes","no","yes",1,"Rural","furnished","Terrace","None"
8080940,7000,3,2,"yes","no","no","yes",2,"Rural","furnished","Apartment","None"
8043000,7482,3,2,"yes","no","yes","no",1,"Urban","furnished","Apartment","None"
7980000,9000,4,2,"yes","no","no","yes",2,"Rural","furnished","Condo","Ent.& Gathering"
7962500,6000,3,1,"yes","yes","no","yes",2,"Rural","unfurnished","Condo","None"
7910000,6000,4,2,"yes","no","no","yes",1,"Rural","semi-furnished","Condo","Both"
7875000,6550,3,1,"yes","no","no","yes",0,"Urban","furnished","Condo","None"
7840000,6360,3,2,"yes","no","no","yes",0,"Urban","furnished","Condo","Ent.& Gathering"
7700000,6480,3,2,"yes","no","no","yes",2,"Rural","unfurnished","Condo","None"
7700000,6000,4,2,"yes","no","no","no",2,"Rural","semi-furnished","Condo","Sports"
7560000,6000,4,2,"yes","no","no","yes",1,"Rural","furnished","Terrace","None"
7560000,6000,3,2,"yes","no","no","yes",0,"Rural","semi-furnished","Apartment","None"
7525000,6000,3,2,"yes","no","no","yes",1,"Rural","furnished","Bungalow","None"
7490000,6600,3,1,"yes","no","no","yes",3,"Urban","furnished","Terrace","Ent.& Gathering"
7455000,4300,3,2,"yes","no","no","no",1,"Rural","unfurnished","Condo","None"
7420000,7440,3,2,"yes","yes","no","yes",0,"Urban","semi-furnished","Condo","None"
7420000,7440,3,2,"yes","no","no","no",1,"Urban","unfurnished","Terrace","Both"
7420000,6325,3,1,"yes","no","no","yes",1,"Rural","unfurnished","Bungalow","None"
7350000,6000,4,2,"yes","yes","no","yes",1,"Rural","furnished","Terrace","Sports"
7350000,5150,3,2,"yes","no","no","yes",2,"Rural","semi-furnished","Bungalow","Sports"
7350000,6000,3,2,"yes","yes","no","yes",1,"Rural","semi-furnished","Terrace","None"
7350000,6000,3,1,"yes","no","no","yes",1,"Rural","unfurnished","Condo","Ent.& Gathering"
7343000,11440,4,1,"yes","no","no","no",1,"Urban","semi-furnished","Condo","Sports"
7245000,9000,4,2,"yes","yes","no","yes",1,"Urban","furnished","Condo","None"
7210000,7680,4,2,"yes","yes","no","yes",1,"Rural","semi-furnished","Condo","Ent.& Gathering"
7210000,6000,3,2,"yes","yes","no","yes",1,"Rural","furnished","Terrace","Both"
7140000,6000,3,2,"yes","yes","no","no",1,"Rural","semi-furnished","Condo","Sports"
7070000,8880,2,1,"yes","no","no","yes",1,"Rural","semi-furnished","Terrace","Ent.& Gathering"
7070000,6240,4,2,"yes","no","no","yes",1,"Rural","furnished","Terrace","Ent.& Gathering"
7035000,6360,4,2,"yes","no","no","yes",2,"Urban","furnished","Apartment","Both"
7000000,11175,3,1,"yes","no","no","yes",1,"Urban","furnished","Bungalow","None"
6930000,8880,3,2,"yes","no","no","yes",1,"Rural","furnished","Condo","Both"
6930000,13200,2,1,"yes","no","yes","no",1,"Rural","furnished","Condo","Sports"
6895000,7700,3,2,"yes","no","no","no",2,"Rural","unfurnished","Terrace","Ent.& Gathering"
6860000,6000,3,1,"yes","no","no","yes",1,"Rural","furnished","Terrace","Sports"
6790000,12090,4,2,"yes","no","no","no",2,"Urban","furnished","Terrace","None"
6790000,4000,3,2,"yes","no","no","yes",0,"Urban","semi-furnished","Terrace","Ent.& Gathering"
6755000,6000,4,2,"yes","no","no","yes",0,"Rural","unfurnished","Condo","Ent.& Gathering"
6720000,5020,3,1,"yes","no","no","yes",0,"Urban","unfurnished","Apartment","None"
6685000,6600,2,2,"yes","no","no","no",0,"Urban","furnished","Condo","Ent.& Gathering"
6650000,4040,3,1,"yes","no","yes","no",1,"Rural","furnished","Terrace","Both"
6650000,4260,4,2,"yes","no","yes","no",0,"Rural","semi-furnished","Condo","Sports"
6650000,6420,3,2,"yes","no","no","yes",0,"Urban","furnished","Apartment","Sports"
6650000,6500,3,2,"yes","no","no","yes",0,"Urban","furnished","Terrace","None"
6650000,5700,3,1,"yes","yes","no","yes",2,"Urban","furnished","Condo","Ent.& Gathering"
6650000,6000,3,2,"yes","yes","no","yes",0,"Rural","furnished","Terrace","Sports"
6629000,6000,3,1,"yes","no","yes","no",1,"Urban","semi-furnished","Apartment","Ent.& Gathering"
6615000,4000,3,2,"yes","no","no","yes",1,"Rural","semi-furnished","Condo","Sports"
6615000,10500,3,2,"yes","no","no","yes",1,"Urban","furnished","Terrace","Sports"
6580000,6000,3,2,"yes","no","no","yes",0,"Rural","semi-furnished","Terrace","None"
6510000,3760,3,1,"yes","no","yes","no",2,"Rural","semi-furnished","Condo","Ent.& Gathering"
6510000,8250,3,2,"yes","no","no","yes",0,"Rural","furnished","Condo","Ent.& Gathering"
6510000,6670,3,1,"yes","no","no","no",0,"Urban","unfurnished","Condo","Both"
6475000,3960,3,1,"yes","no","no","no",2,"Rural","semi-furnished","Apartment","None"
6475000,7410,3,1,"yes","yes","no","yes",2,"Urban","unfurnished","Condo","Ent.& Gathering"
6440000,8580,5,3,"yes","no","no","no",2,"Rural","furnished","Terrace","Ent.& Gathering"
6440000,5000,3,1,"yes","no","no","yes",0,"Rural","semi-furnished","Apartment","Both"
6419000,6750,2,1,"yes","yes","no","no",2,"Urban","furnished","Condo","Both"
6405000,4800,3,2,"yes","yes","no","yes",0,"Rural","furnished","Terrace","None"
6300000,7200,3,2,"yes","no","no","yes",3,"Rural","semi-furnished","Condo","Sports"
6300000,6000,4,2,"yes","no","no","no",1,"Rural","semi-furnished","Condo","Ent.& Gathering"
6300000,4100,3,2,"yes","no","no","yes",2,"Rural","semi-furnished","Apartment","None"
6300000,9000,3,1,"yes","no","no","no",1,"Urban","furnished","Terrace","Sports"
6300000,6400,3,1,"yes","yes","no","yes",1,"Urban","semi-furnished","Condo","None"
6293000,6600,3,2,"yes","no","no","yes",0,"Urban","unfurnished","Terrace","Ent.& Gathering"
6265000,6000,4,1,"yes","yes","no","no",0,"Urban","unfurnished","Bungalow","Both"
6230000,6600,3,2,"yes","no","no","yes",0,"Urban","unfurnished","Condo","Both"
6230000,5500,3,1,"yes","no","no","no",1,"Urban","unfurnished","Apartment","Both"
6195000,5500,3,2,"yes","yes","no","yes",1,"Rural","semi-furnished","Terrace","None"
6195000,6350,3,2,"yes","yes","no","yes",0,"Rural","furnished","Condo","None"
6195000,5500,3,2,"yes","yes","no","no",2,"Urban","furnished","Terrace","None"
6160000,4500,3,1,"yes","no","no","yes",0,"Rural","unfurnished","Condo","Sports"
6160000,5450,4,2,"yes","no","no","yes",0,"Urban","semi-furnished","Condo","Ent.& Gathering"
6125000,6420,3,1,"yes","no","no","no",0,"Urban","unfurnished","Apartment","None"
6107500,3240,4,1,"yes","no","no","no",1,"Rural","semi-furnished","Terrace","Sports"
6090000,6615,4,2,"yes","yes","yes","no",1,"Rural","semi-furnished","Terrace","Ent.& Gathering"
6090000,6600,3,1,"yes","yes","no","no",2,"Urban","semi-furnished","Terrace","Both"
6090000,8372,3,1,"yes","no","no","yes",2,"Rural","unfurnished","Apartment","Both"
6083000,4300,6,2,"yes","no","no","no",0,"Rural","furnished","Apartment","Both"
6083000,9620,3,1,"yes","no","no","no",2,"Urban","furnished","Condo","Ent.& Gathering"
6020000,6800,2,1,"yes","yes","no","no",2,"Rural","furnished","Apartment","Both"
6020000,8000,3,1,"yes","yes","no","yes",2,"Urban","semi-furnished","Terrace","Ent.& Gathering"
6020000,6900,3,2,"yes","yes","no","no",0,"Urban","unfurnished","Terrace","Both"
5950000,3700,4,1,"yes","yes","no","yes",0,"Rural","furnished","Terrace","Both"
5950000,6420,3,1,"yes","no","no","yes",0,"Urban","furnished","Terrace","None"
5950000,7020,3,1,"yes","no","no","yes",2,"Urban","semi-furnished","Apartment","Both"
5950000,6540,3,1,"yes","yes","no","no",2,"Urban","furnished","Terrace","None"
5950000,7231,3,1,"yes","yes","no","yes",0,"Urban","semi-furnished","Terrace","Sports"
5950000,6254,4,2,"yes","no","no","no",1,"Urban","semi-furnished","Terrace","Both"
5950000,7320,4,2,"yes","no","no","no",0,"Rural","furnished","Condo","Both"
5950000,6525,3,2,"yes","no","no","no",1,"Rural","furnished","Condo","Both"
5943000,15600,3,1,"yes","no","no","yes",2,"Rural","semi-furnished","Condo","Sports"
5880000,7160,3,1,"yes","no","no","no",2,"Urban","unfurnished","Apartment","None"
5880000,6500,3,2,"yes","no","no","yes",0,"Rural","unfurnished","Terrace","Sports"
5873000,5500,3,1,"yes","yes","no","yes",1,"Rural","furnished","Condo","Ent.& Gathering"
5873000,11460,3,1,"yes","no","no","no",2,"Urban","semi-furnished","Condo","Ent.& Gathering"
5866000,4800,3,1,"yes","yes","no","no",0,"Rural","unfurnished","Bungalow","Sports"
5810000,5828,4,1,"yes","yes","no","no",0,"Rural","semi-furnished","Terrace","Sports"
5810000,5200,3,1,"yes","no","no","yes",0,"Rural","semi-furnished","Condo","None"
5810000,4800,3,1,"yes","no","no","yes",0,"Rural","unfurnished","Condo","Ent.& Gathering"
5803000,7000,3,1,"yes","no","no","no",2,"Urban","semi-furnished","Condo","Sports"
5775000,6000,3,2,"yes","no","no","yes",0,"Rural","unfurnished","Condo","None"
5740000,5400,4,2,"yes","no","no","yes",2,"Rural","unfurnished","Bungalow","Both"
5740000,4640,4,1,"yes","no","no","no",1,"Rural","semi-furnished","Apartment","Both"
5740000,5000,3,1,"yes","no","no","yes",0,"Rural","semi-furnished","Condo","Both"
5740000,6360,3,1,"yes","yes","no","yes",2,"Urban","furnished","Terrace","Ent.& Gathering"
5740000,5800,3,2,"yes","no","no","yes",0,"Rural","unfurnished","Apartment","Ent.& Gathering"
5652500,6660,4,2,"yes","yes","no","no",1,"Urban","semi-furnished","Apartment","None"
5600000,10500,4,2,"yes","no","no","no",1,"Rural","semi-furnished","Terrace","None"
5600000,4800,5,2,"no","no","yes","no",0,"Rural","unfurnished","Terrace","Both"
5600000,4700,4,1,"yes","yes","no","yes",1,"Rural","furnished","Apartment","Sports"
5600000,5000,3,1,"yes","no","no","no",0,"Rural","furnished","Apartment","Both"
5600000,10500,2,1,"yes","no","no","no",1,"Rural","semi-furnished","Condo","Sports"
5600000,5500,3,2,"yes","no","no","no",1,"Rural","semi-furnished","Terrace","Ent.& Gathering"
5600000,6360,3,1,"yes","no","no","no",0,"Urban","semi-furnished","Condo","Ent.& Gathering"
5600000,6600,4,2,"yes","no","no","no",0,"Urban","semi-furnished","Condo","Both"
5600000,5136,3,1,"yes","yes","no","yes",0,"Urban","unfurnished","Apartment","Both"
5565000,4400,4,1,"yes","no","no","yes",2,"Urban","semi-furnished","Apartment","Ent.& Gathering"
5565000,5400,5,1,"yes","yes","no","yes",0,"Urban","furnished","Condo","Both"
5530000,3300,3,3,"yes","no","no","no",0,"Rural","semi-furnished","Apartment","Both"
5530000,3650,3,2,"yes","no","no","no",2,"Rural","semi-furnished","Condo","None"
5530000,6100,3,2,"yes","no","no","no",2,"Urban","furnished","Condo","Ent.& Gathering"
5523000,6900,3,1,"yes","yes","no","no",0,"Urban","semi-furnished","Apartment","None"
5495000,2817,4,2,"no","yes","no","no",1,"Rural","furnished","Terrace","Ent.& Gathering"
5495000,7980,3,1,"yes","no","no","no",2,"Rural","semi-furnished","Terrace","Ent.& Gathering"
5460000,3150,3,2,"yes","yes","no","yes",0,"Rural","furnished","Bungalow","None"
5460000,6210,4,1,"yes","yes","no","yes",0,"Rural","furnished","Bungalow","Both"
5460000,6100,3,1,"yes","yes","no","yes",0,"Urban","semi-furnished","Terrace","None"
5460000,6600,4,2,"yes","yes","no","no",0,"Urban","semi-furnished","Terrace","Ent.& Gathering"
5425000,6825,3,1,"yes","yes","no","yes",0,"Urban","semi-furnished","Apartment","Both"
5390000,6710,3,2,"yes","yes","no","no",1,"Urban","furnished","Condo","Ent.& Gathering"
5383000,6450,3,2,"yes","yes","yes","no",0,"Rural","unfurnished","Bungalow","Ent.& Gathering"
5320000,7800,3,1,"yes","no","no","yes",2,"Urban","unfurnished","Condo","None"
5285000,4600,2,2,"yes","no","no","yes",2,"Rural","semi-furnished","Terrace","None"
5250000,4260,4,1,"yes","no","no","yes",0,"Rural","furnished","Bungalow","Sports"
5250000,6540,4,2,"no","no","no","yes",0,"Rural","semi-furnished","Condo","Sports"
5250000,5500,3,2,"yes","no","no","no",0,"Rural","semi-furnished","Condo","None"
5250000,10269,3,1,"yes","no","no","no",1,"Urban","semi-furnished","Terrace","Sports"
5250000,8400,3,1,"yes","yes","no","yes",2,"Urban","unfurnished","Apartment","None"
5250000,5300,4,2,"yes","no","no","yes",0,"Urban","unfurnished","Apartment","Both"
5250000,3800,3,1,"yes","yes","no","no",1,"Urban","unfurnished","Apartment","None"
5250000,9800,4,2,"yes","yes","no","no",2,"Rural","semi-furnished","Condo","None"
5250000,8520,3,1,"yes","no","no","yes",2,"Rural","furnished","Condo","None"
5243000,6050,3,1,"yes","no","no","no",0,"Urban","semi-furnished","Condo","None"
5229000,7085,3,1,"yes","yes","no","no",2,"Urban","semi-furnished","Bungalow","None"
5215000,3180,3,2,"yes","no","no","no",2,"Rural","semi-furnished","Condo","None"
5215000,4500,4,2,"no","no","no","yes",2,"Rural","semi-furnished","Condo","Ent.& Gathering"
5215000,7200,3,1,"yes","yes","no","no",1,"Urban","furnished","Condo","Sports"
5145000,3410,3,1,"no","no","no","yes",0,"Rural","semi-furnished","Terrace","None"
5145000,7980,3,1,"yes","no","no","no",1,"Urban","semi-furnished","Apartment","Ent.& Gathering"
5110000,3000,3,2,"yes","yes","no","no",0,"Rural","furnished","Terrace","Ent.& Gathering"
5110000,3000,3,1,"yes","no","no","no",0,"Rural","unfurnished","Condo","Both"
5110000,11410,2,1,"yes","no","no","no",0,"Urban","furnished","Bungalow","Both"
5110000,6100,3,1,"yes","no","no","yes",0,"Urban","semi-furnished","Condo","Both"
5075000,5720,2,1,"yes","no","no","yes",0,"Urban","unfurnished","Apartment","Both"
5040000,3540,2,1,"no","yes","no","no",0,"Rural","semi-furnished","Condo","None"
5040000,7600,4,1,"yes","no","no","yes",2,"Rural","furnished","Bungalow","Ent.& Gathering"
5040000,10700,3,1,"yes","yes","no","no",0,"Rural","semi-furnished","Condo","Both"
5040000,6600,3,1,"yes","yes","no","no",0,"Urban","furnished","Condo","Ent.& Gathering"
5033000,4800,2,1,"yes","yes","no","no",0,"Rural","semi-furnished","Terrace","None"
5005000,8150,3,2,"yes","yes","no","no",0,"Rural","semi-furnished","Condo","Ent.& Gathering"
4970000,4410,4,3,"yes","no","no","no",2,"Rural","semi-furnished","Condo","Both"
4970000,7686,3,1,"yes","yes","yes","no",0,"Rural","semi-furnished","Apartment","Sports"
4956000,2800,3,2,"no","no","no","yes",1,"Rural","semi-furnished","Condo","Both"
4935000,5948,3,1,"yes","no","no","yes",0,"Rural","semi-furnished","Condo","None"
4907000,4200,3,1,"yes","no","no","no",1,"Rural","furnished","Condo","Both"
4900000,4520,3,1,"yes","no","no","yes",0,"Rural","semi-furnished","Condo","Sports"
4900000,4095,3,1,"no","yes","no","yes",0,"Rural","semi-furnished","Terrace","Both"
4900000,4120,2,1,"yes","no","no","no",1,"Rural","semi-furnished","Apartment","None"
4900000,5400,4,1,"yes","no","no","no",0,"Rural","semi-furnished","Apartment","None"
4900000,4770,3,1,"yes","yes","no","no",0,"Rural","semi-furnished","Terrace","Ent.& Gathering"
4900000,6300,3,1,"yes","no","no","yes",2,"Rural","semi-furnished","Condo","Ent.& Gathering"
4900000,5800,2,1,"yes","yes","no","yes",0,"Rural","semi-furnished","Apartment","Ent.& Gathering"
4900000,3000,3,1,"yes","no","no","yes",0,"Rural","semi-furnished","Terrace","Ent.& Gathering"
4900000,2970,3,1,"yes","no","no","no",0,"Rural","semi-furnished","Bungalow","Ent.& Gathering"
4900000,6720,3,1,"yes","no","no","no",0,"Rural","unfurnished","Apartment","Sports"
4900000,4646,3,1,"yes","yes","no","no",2,"Rural","semi-furnished","Apartment","Ent.& Gathering"
4900000,12900,3,1,"yes","no","no","no",2,"Rural","furnished","Condo","None"
4893000,3420,4,2,"yes","no","no","yes",2,"Rural","semi-furnished","Terrace","None"
4893000,4995,4,2,"yes","no","no","no",0,"Rural","semi-furnished","Terrace","Sports"
4865000,4350,2,1,"yes","no","no","no",0,"Rural","unfurnished","Apartment","Both"
4830000,4160,3,1,"yes","no","no","no",0,"Rural","unfurnished","Apartment","None"
4830000,6040,3,1,"yes","no","no","no",2,"Urban","semi-furnished","Terrace","Ent.& Gathering"
4830000,6862,3,1,"yes","no","no","yes",2,"Urban","furnished","Terrace","Sports"
4830000,4815,2,1,"yes","no","no","yes",0,"Urban","semi-furnished","Bungalow","Ent.& Gathering"
4795000,7000,3,1,"yes","no","no","no",0,"Rural","unfurnished","Apartment","Both"
4795000,8100,4,1,"yes","no","no","yes",2,"Rural","semi-furnished","Terrace","None"
4767000,3420,4,2,"yes","no","no","no",0,"Rural","semi-furnished","Terrace","Ent.& Gathering"
4760000,9166,2,1,"yes","no","no","yes",2,"Rural","semi-furnished","Apartment","Ent.& Gathering"
4760000,6321,3,1,"yes","no","no","yes",1,"Rural","furnished","Apartment","Both"
4760000,10240,2,1,"yes","no","no","yes",2,"Urban","unfurnished","Condo","Ent.& Gathering"
4753000,6440,2,1,"yes","no","no","yes",3,"Rural","semi-furnished","Terrace","Both"
4690000,5170,3,1,"yes","no","no","yes",0,"Rural","semi-furnished","Terrace","None"
4690000,6000,2,1,"yes","no","no","yes",1,"Rural","furnished","Condo","None"
4690000,3630,3,1,"yes","no","no","no",2,"Rural","semi-furnished","Condo","Ent.& Gathering"
4690000,9667,4,2,"yes","yes","no","no",1,"Rural","semi-furnished","Terrace","None"
4690000,5400,2,1,"yes","no","no","no",0,"Urban","semi-furnished","Terrace","Both"
4690000,4320,3,1,"yes","no","no","no",0,"Urban","semi-furnished","Condo","Both"
4655000,3745,3,1,"yes","no","no","no",0,"Rural","furnished","Condo","None"
4620000,4160,3,1,"yes","yes","no","yes",0,"Rural","unfurnished","Bungalow","Both"
4620000,3880,3,2,"yes","no","no","no",2,"Rural","semi-furnished","Terrace","Both"
4620000,5680,3,1,"yes","yes","no","yes",1,"Rural","semi-furnished","Apartment","Sports"
4620000,2870,2,1,"yes","yes","no","no",0,"Urban","semi-furnished","Terrace","Both"
4620000,5010,3,1,"yes","no","no","no",0,"Rural","semi-furnished","Terrace","None"
4613000,4510,4,2,"yes","no","no","no",0,"Rural","semi-furnished","Apartment","Sports"
4585000,4000,3,1,"yes","no","no","no",1,"Rural","furnished","Condo","Both"
4585000,3840,3,1,"yes","no","no","no",1,"Urban","semi-furnished","Condo","Ent.& Gathering"
4550000,3760,3,1,"yes","no","no","no",2,"Rural","semi-furnished","Condo","None"
4550000,3640,3,1,"yes","no","no","yes",0,"Rural","furnished","Condo","None"
4550000,2550,3,1,"yes","no","no","no",0,"Rural","furnished","Condo","Both"
4550000,5320,3,1,"yes","yes","no","no",0,"Urban","semi-furnished","Condo","Sports"
4550000,5360,3,1,"yes","no","no","no",2,"Urban","unfurnished","Condo","None"
4550000,3520,3,1,"yes","no","no","no",0,"Urban","semi-furnished","Apartment","None"
4550000,8400,4,1,"yes","no","no","no",3,"Rural","unfurnished","Terrace","None"
4543000,4100,2,2,"yes","yes","no","no",0,"Rural","semi-furnished","Apartment","Both"
4543000,4990,4,2,"yes","yes","no","no",0,"Urban","furnished","Terrace","Ent.& Gathering"
4515000,3510,3,1,"yes","no","no","no",0,"Rural","semi-furnished","Terrace","None"
4515000,3450,3,1,"yes","no","no","no",1,"Rural","semi-furnished","Bungalow","Sports"
4515000,9860,3,1,"yes","no","no","no",0,"Rural","semi-furnished","Bungalow","Sports"
4515000,3520,2,1,"yes","no","no","no",0,"Urban","furnished","Apartment","Ent.& Gathering"
4480000,4510,4,1,"yes","no","no","yes",2,"Rural","semi-furnished","Condo","Both"
4480000,5885,2,1,"yes","no","no","yes",1,"Rural","unfurnished","Condo","Sports"
4480000,4000,3,1,"yes","no","no","no",2,"Rural","furnished","Condo","None"
4480000,8250,3,1,"yes","no","no","no",0,"Rural","furnished","Apartment","Sports"
4480000,4040,3,1,"yes","no","no","no",1,"Rural","semi-furnished","Terrace","Both"
4473000,6360,2,1,"yes","no","no","yes",1,"Rural","furnished","Condo","Ent.& Gathering"
4473000,3162,3,1,"yes","no","no","yes",1,"Rural","furnished","Apartment","None"
4473000,3510,3,1,"yes","no","no","no",0,"Rural","semi-furnished","Condo","Sports"
4445000,3750,2,1,"yes","yes","no","no",0,"Rural","semi-furnished","Condo","Both"
4410000,3968,3,1,"no","no","no","no",0,"Rural","semi-furnished","Condo","Ent.& Gathering"
4410000,4900,2,1,"yes","no","no","no",0,"Rural","semi-furnished","Condo","Both"
4403000,2880,3,1,"yes","no","no","no",0,"Urban","semi-furnished","Terrace","None"
4403000,4880,3,1,"yes","no","no","no",2,"Urban","unfurnished","Terrace","None"
4403000,4920,3,1,"yes","no","no","no",1,"Rural","semi-furnished","Condo","Sports"
4382000,4950,4,1,"yes","no","no","yes",0,"Rural","semi-furnished","Terrace","Ent.& Gathering"
4375000,3900,3,1,"yes","no","no","no",0,"Rural","unfurnished","Bungalow","Sports"
4340000,4500,3,2,"yes","no","yes","no",1,"Rural","furnished","Condo","Ent.& Gathering"
4340000,1905,5,1,"no","no","no","no",0,"Rural","semi-furnished","Apartment","Both"
4340000,4075,3,1,"yes","yes","no","no",2,"Rural","semi-furnished","Condo","Both"
4340000,3500,4,1,"yes","no","no","no",2,"Rural","furnished","Apartment","Sports"
4340000,6450,4,1,"yes","no","no","no",0,"Rural","semi-furnished","Terrace","Both"
4319000,4032,2,1,"yes","no","no","no",0,"Rural","furnished","Terrace","None"
4305000,4400,2,1,"yes","no","no","no",1,"Rural","semi-furnished","Apartment","Both"
4305000,10360,2,1,"yes","no","no","no",1,"Urban","semi-furnished","Apartment","Sports"
4277000,3400,3,1,"yes","no","no","no",2,"Urban","semi-furnished","Condo","Sports"
4270000,6360,2,1,"yes","no","no","no",0,"Rural","furnished","Terrace","Ent.& Gathering"
4270000,6360,2,1,"yes","no","no","no",0,"Rural","unfurnished","Apartment","Sports"
4270000,4500,2,1,"yes","no","no","yes",2,"Rural","furnished","Apartment","Both"
4270000,2175,3,1,"no","yes","no","yes",0,"Rural","unfurnished","Condo","None"
4270000,4360,4,1,"yes","no","no","no",0,"Rural","furnished","Condo","Sports"
4270000,7770,2,1,"yes","no","no","no",1,"Rural","furnished","Terrace","Both"
4235000,6650,3,1,"yes","yes","no","no",0,"Rural","semi-furnished","Condo","Both"
4235000,2787,3,1,"yes","no","no","no",0,"Urban","furnished","Bungalow","None"
4200000,5500,3,1,"yes","no","no","yes",0,"Rural","unfurnished","Terrace","Ent.& Gathering"
4200000,5040,3,1,"yes","no","no","yes",0,"Rural","unfurnished","Terrace","Both"
4200000,5850,2,1,"yes","yes","no","no",2,"Rural","semi-furnished","Condo","None"
4200000,2610,4,3,"no","no","no","no",0,"Rural","semi-furnished","Terrace","Sports"
4200000,2953,3,1,"yes","no","no","yes",0,"Rural","unfurnished","Bungalow","Sports"
4200000,2747,4,2,"no","no","no","no",0,"Rural","semi-furnished","Condo","None"
4200000,4410,2,1,"no","no","no","no",1,"Rural","unfurnished","Terrace","Ent.& Gathering"
4200000,4000,4,2,"no","no","no","no",0,"Rural","semi-furnished","Terrace","None"
4200000,2325,3,1,"no","no","no","no",0,"Rural","semi-furnished","Apartment","Both"
4200000,4600,3,2,"yes","no","no","yes",1,"Rural","semi-furnished","Condo","Sports"
4200000,3640,3,2,"yes","no","no","no",0,"Rural","unfurnished","Terrace","None"
4200000,5800,3,1,"yes","no","yes","no",2,"Rural","semi-furnished","Condo","Ent.& Gathering"
4200000,7000,3,1,"yes","no","no","no",3,"Rural","furnished","Bungalow","None"
4200000,4079,3,1,"yes","no","no","no",0,"Rural","semi-furnished","Condo","None"
4200000,3520,3,1,"yes","no","no","no",0,"Urban","semi-furnished","Condo","None"
4200000,2145,3,1,"yes","no","no","no",1,"Urban","unfurnished","Terrace","None"
4200000,4500,3,1,"yes","no","no","no",0,"Rural","furnished","Terrace","Sports"
4193000,8250,3,1,"yes","no","no","no",3,"Rural","semi-furnished","Terrace","Ent.& Gathering"
4193000,3450,3,1,"yes","no","no","no",1,"Rural","semi-furnished","Terrace","None"
4165000,4840,3,1,"yes","no","no","no",1,"Rural","semi-furnished","Apartment","Sports"
4165000,4080,3,1,"yes","no","no","no",2,"Rural","semi-furnished","Terrace","Sports"
4165000,4046,3,1,"yes","no","no","no",1,"Rural","semi-furnished","Terrace","Ent.& Gathering"
4130000,4632,4,1,"yes","no","no","yes",0,"Rural","semi-furnished","Terrace","None"
4130000,5985,3,1,"yes","no","no","no",0,"Rural","semi-furnished","Terrace","None"
4123000,6060,2,1,"yes","no","no","no",1,"Rural","semi-furnished","Condo","None"
4098500,3600,3,1,"yes","no","no","yes",0,"Urban","furnished","Apartment","Ent.& Gathering"
4095000,3680,3,2,"yes","no","no","no",0,"Rural","semi-furnished","Apartment","Both"
4095000,4040,2,1,"yes","no","no","no",1,"Rural","semi-furnished","Bungalow","None"
4095000,5600,2,1,"yes","no","no","yes",0,"Rural","semi-furnished","Terrace","Ent.& Gathering"
4060000,5900,4,2,"no","no","no","no",1,"Rural","unfurnished","Terrace","Both"
4060000,4992,3,2,"yes","no","no","no",2,"Rural","unfurnished","Terrace","Ent.& Gathering"
4060000,4340,3,1,"yes","no","no","no",0,"Rural","semi-furnished","Apartment","None"
4060000,3000,4,1,"yes","no","no","yes",2,"Rural","semi-furnished","Terrace","Both"
4060000,4320,3,1,"yes","no","no","no",2,"Urban","furnished","Terrace","Ent.& Gathering"
4025000,3630,3,2,"yes","no","yes","no",2,"Rural","semi-furnished","Condo","None"
4025000,3460,3,2,"yes","no","no","yes",1,"Rural","furnished","Terrace","Ent.& Gathering"
4025000,5400,3,1,"yes","no","no","no",3,"Rural","semi-furnished","Terrace","Sports"
4007500,4500,3,1,"no","no","no","yes",0,"Rural","semi-furnished","Condo","Both"
4007500,3460,4,1,"yes","no","no","yes",0,"Rural","semi-furnished","Condo","None"
3990000,4100,4,1,"no","no","no","no",0,"Rural","unfurnished","Condo","None"
3990000,6480,3,1,"no","no","no","yes",1,"Rural","semi-furnished","Terrace","Both"
3990000,4500,3,2,"no","no","no","yes",0,"Rural","semi-furnished","Condo","None"
3990000,3960,3,1,"yes","no","no","no",0,"Rural","furnished","Terrace","Sports"
3990000,4050,2,1,"yes","yes","no","no",0,"Urban","unfurnished","Condo","Ent.& Gathering"
3920000,7260,3,2,"yes","yes","no","no",3,"Rural","furnished","Terrace","None"
3920000,5500,4,1,"yes","yes","no","no",0,"Rural","semi-furnished","Condo","Both"
3920000,3000,3,1,"yes","no","no","no",0,"Rural","semi-furnished","Terrace","Sports"
3920000,3290,2,1,"yes","no","yes","no",1,"Rural","furnished","Condo","Both"
3920000,3816,2,1,"yes","no","no","yes",2,"Rural","furnished","Terrace","Ent.& Gathering"
3920000,8080,3,1,"yes","no","no","yes",2,"Rural","semi-furnished","Apartment","None"
3920000,2145,4,2,"yes","no","no","no",0,"Urban","unfurnished","Apartment","Sports"
3885000,3780,2,1,"yes","yes","no","no",0,"Rural","semi-furnished","Condo","None"
3885000,3180,4,2,"yes","no","no","no",0,"Rural","furnished","Condo","None"
3850000,5300,5,2,"yes","no","no","no",0,"Rural","semi-furnished","Terrace","None"
3850000,3180,2,2,"yes","no","no","no",2,"Rural","semi-furnished","Condo","None"
3850000,7152,3,1,"yes","no","no","yes",0,"Rural","furnished","Terrace","Ent.& Gathering"
3850000,4080,2,1,"yes","no","no","no",0,"Rural","semi-furnished","Terrace","Ent.& Gathering"
3850000,3850,2,1,"yes","no","no","no",0,"Rural","semi-furnished","Apartment","Both"
3850000,2015,3,1,"yes","no","no","no",0,"Urban","semi-furnished","Condo","Both"
3850000,2176,2,1,"yes","yes","no","no",0,"Urban","semi-furnished","Terrace","Both"
3836000,3350,3,1,"yes","no","no","no",0,"Rural","unfurnished","Apartment","Sports"
3815000,3150,2,2,"no","no","no","no",0,"Rural","semi-furnished","Terrace","Both"
3780000,4820,3,1,"yes","no","no","no",0,"Rural","semi-furnished","Terrace","None"
3780000,3420,2,1,"yes","no","yes","no",1,"Rural","semi-furnished","Condo","Both"
3780000,3600,2,1,"yes","no","no","no",0,"Rural","semi-furnished","Terrace","None"
3780000,5830,2,1,"yes","no","no","no",2,"Rural","unfurnished","Apartment","None"
3780000,2856,3,1,"yes","no","no","no",0,"Urban","furnished","Condo","Sports"
3780000,8400,2,1,"yes","no","no","no",1,"Rural","furnished","Apartment","Sports"
3773000,8250,3,1,"yes","no","no","no",2,"Rural","furnished","Apartment","Both"
3773000,2520,5,2,"no","no","no","yes",1,"Rural","furnished","Terrace","Sports"
3773000,6930,4,1,"no","no","no","no",1,"Rural","furnished","Terrace","None"
3745000,3480,2,1,"yes","no","no","no",0,"Urban","semi-furnished","Bungalow","Both"
3710000,3600,3,1,"yes","no","no","no",1,"Rural","unfurnished","Terrace","Ent.& Gathering"
3710000,4040,2,1,"yes","no","no","no",0,"Rural","semi-furnished","Terrace","Ent.& Gathering"
3710000,6020,3,1,"yes","no","no","no",0,"Rural","semi-furnished","Condo","None"
3710000,4050,2,1,"yes","no","no","no",0,"Rural","furnished","Bungalow","Sports"
3710000,3584,2,1,"yes","no","yes","no",0,"Rural","semi-furnished","Condo","Ent.& Gathering"
3703000,3120,3,1,"no","no","yes","no",0,"Rural","semi-furnished","Terrace","Sports"
3703000,5450,2,1,"yes","no","no","no",0,"Rural","furnished","Condo","Sports"
3675000,3630,2,1,"yes","no","no","no",0,"Rural","furnished","Condo","None"
3675000,3630,2,1,"yes","no","no","yes",0,"Rural","unfurnished","Bungalow","None"
3675000,5640,2,1,"no","no","no","no",0,"Rural","semi-furnished","Condo","Both"
3675000,3600,2,1,"yes","no","no","no",0,"Rural","furnished","Terrace","None"
3640000,4280,2,1,"yes","no","no","yes",2,"Rural","semi-furnished","Condo","Sports"
3640000,3570,3,1,"yes","no","no","no",0,"Rural","semi-furnished","Bungalow","None"
3640000,3180,3,1,"no","no","no","no",0,"Rural","semi-furnished","Bungalow","Both"
3640000,3000,2,1,"yes","no","no","yes",0,"Rural","furnished","Terrace","Both"
3640000,3520,2,2,"yes","no","no","no",0,"Rural","semi-furnished","Bungalow","None"
3640000,5960,3,1,"yes","yes","no","no",0,"Rural","unfurnished","Apartment","None"
3640000,4130,3,2,"yes","no","no","no",2,"Rural","semi-furnished","Terrace","None"
3640000,2850,3,2,"no","no","no","no",0,"Urban","unfurnished","Condo","Ent.& Gathering"
3640000,2275,3,1,"yes","no","yes","yes",0,"Urban","semi-furnished","Terrace","None"
3633000,3520,3,1,"yes","no","no","no",2,"Urban","unfurnished","Apartment","Sports"
3605000,4500,2,1,"yes","no","no","no",0,"Rural","semi-furnished","Condo","Sports"
3605000,4000,2,1,"yes","no","no","no",0,"Urban","semi-furnished","Condo","Both"
3570000,3150,3,1,"yes","no","no","no",0,"Rural","furnished","Condo","Both"
3570000,4500,4,2,"yes","no","no","no",2,"Rural","furnished","Terrace","Ent.& Gathering"
3570000,4500,2,1,"no","no","no","no",0,"Rural","furnished","Condo","None"
3570000,3640,2,1,"yes","no","no","no",0,"Rural","unfurnished","Condo","None"
3535000,3850,3,1,"yes","no","no","no",2,"Rural","unfurnished","Condo","None"
3500000,4240,3,1,"yes","no","no","yes",0,"Rural","semi-furnished","Apartment","Sports"
3500000,3650,3,1,"yes","no","no","no",0,"Rural","unfurnished","Condo","None"
3500000,4600,4,1,"yes","no","no","no",0,"Rural","semi-furnished","Terrace","Sports"
3500000,2135,3,2,"no","no","no","no",0,"Rural","unfurnished","Condo","None"
3500000,3036,3,1,"yes","no","no","no",0,"Rural","semi-furnished","Condo","Ent.& Gathering"
3500000,3990,3,1,"yes","no","no","no",0,"Rural","semi-furnished","Apartment","Ent.& Gathering"
3500000,7424,3,1,"no","no","no","no",0,"Rural","unfurnished","Condo","Sports"
3500000,3480,3,1,"no","no","no","yes",0,"Rural","unfurnished","Apartment","None"
3500000,3600,6,1,"yes","no","no","no",1,"Rural","unfurnished","Condo","None"
3500000,3640,2,1,"yes","no","no","no",1,"Rural","semi-furnished","Bungalow","Ent.& Gathering"
3500000,5900,2,1,"yes","no","no","no",1,"Rural","furnished","Apartment","Both"
3500000,3120,3,1,"yes","no","no","no",1,"Rural","unfurnished","Condo","Sports"
3500000,7350,2,1,"yes","no","no","no",1,"Rural","semi-furnished","Apartment","None"
3500000,3512,2,1,"yes","no","no","no",1,"Urban","unfurnished","Terrace","Ent.& Gathering"
3500000,9500,3,1,"yes","no","no","no",3,"Urban","unfurnished","Condo","None"
3500000,5880,2,1,"yes","no","no","no",0,"Rural","unfurnished","Condo","Both"
3500000,12944,3,1,"yes","no","no","no",0,"Rural","unfurnished","Terrace","Both"
3493000,4900,3,1,"no","no","no","no",0,"Rural","unfurnished","Condo","Sports"
3465000,3060,3,1,"yes","no","no","no",0,"Rural","unfurnished","Apartment","Both"
3465000,5320,2,1,"yes","no","no","no",1,"Urban","unfurnished","Condo","Ent.& Gathering"
3465000,2145,3,1,"yes","no","no","no",0,"Urban","furnished","Condo","Ent.& Gathering"
3430000,4000,2,1,"yes","no","no","no",0,"Rural","unfurnished","Terrace","Both"
3430000,3185,2,1,"yes","no","no","no",2,"Rural","unfurnished","Terrace","Ent.& Gathering"
3430000,3850,3,1,"yes","no","no","no",0,"Rural","unfurnished","Condo","None"
3430000,2145,3,1,"yes","no","no","no",0,"Urban","furnished","Terrace","Sports"
3430000,2610,3,1,"yes","no","no","no",0,"Urban","unfurnished","Terrace","None"
3430000,1950,3,2,"yes","no","no","no",0,"Urban","unfurnished","Terrace","None"
3423000,4040,2,1,"yes","no","no","no",0,"Rural","unfurnished","Condo","Sports"
3395000,4785,3,1,"yes","yes","no","yes",1,"Rural","furnished","Condo","None"
3395000,3450,3,1,"yes","no","no","no",2,"Rural","unfurnished","Bungalow","Sports"
3395000,3640,2,1,"yes","no","no","no",0,"Rural","furnished","Condo","None"
3360000,3500,4,1,"yes","no","no","yes",2,"Rural","unfurnished","Condo","None"
3360000,4960,4,1,"no","no","no","no",0,"Rural","semi-furnished","Terrace","Sports"
3360000,4120,2,1,"yes","no","no","no",0,"Rural","unfurnished","Condo","Ent.& Gathering"
3360000,4750,2,1,"yes","no","no","no",0,"Rural","unfurnished","Terrace","Ent.& Gathering"
3360000,3720,2,1,"no","no","no","yes",0,"Rural","unfurnished","Condo","Ent.& Gathering"
3360000,3750,3,1,"yes","no","no","no",0,"Rural","unfurnished","Apartment","Sports"
3360000,3100,3,1,"no","no","no","no",0,"Rural","semi-furnished","Condo","Ent.& Gathering"
3360000,3185,2,1,"yes","no","no","no",2,"Rural","furnished","Apartment","Sports"
3353000,2700,3,1,"no","no","no","no",0,"Rural","furnished","Bungalow","None"
3332000,2145,3,1,"yes","no","no","no",0,"Urban","furnished","Terrace","Ent.& Gathering"
3325000,4040,2,1,"yes","no","no","no",1,"Rural","unfurnished","Condo","Sports"
3325000,4775,4,1,"yes","no","no","no",0,"Rural","unfurnished","Bungalow","Ent.& Gathering"
3290000,2500,2,1,"no","no","no","yes",0,"Rural","unfurnished","Apartment","Ent.& Gathering"
3290000,3180,4,1,"yes","no","no","yes",0,"Rural","unfurnished","Terrace","Ent.& Gathering"
3290000,6060,3,1,"yes","yes","no","no",0,"Rural","furnished","Condo","Ent.& Gathering"
3290000,3480,4,1,"no","no","no","no",1,"Rural","semi-furnished","Terrace","Ent.& Gathering"
3290000,3792,4,1,"yes","no","no","no",0,"Rural","semi-furnished","Bungalow","Sports"
3290000,4040,2,1,"yes","no","no","no",0,"Rural","unfurnished","Terrace","Both"
3290000,2145,3,1,"yes","no","no","no",0,"Urban","furnished","Terrace","Ent.& Gathering"
3290000,5880,3,1,"yes","no","no","no",1,"Rural","unfurnished","Condo","Ent.& Gathering"
3255000,4500,2,1,"no","no","no","no",0,"Rural","semi-furnished","Condo","Ent.& Gathering"
3255000,3930,2,1,"no","no","no","no",0,"Rural","unfurnished","Terrace","Sports"
3234000,3640,4,1,"yes","no","no","no",0,"Rural","unfurnished","Terrace","Both"
3220000,4370,3,1,"yes","no","no","no",0,"Rural","unfurnished","Condo","Ent.& Gathering"
3220000,2684,2,1,"yes","no","no","yes",1,"Rural","unfurnished","Condo","Both"
3220000,4320,3,1,"no","no","no","no",1,"Rural","unfurnished","Terrace","Both"
3220000,3120,3,1,"no","no","no","no",0,"Rural","furnished","Terrace","Sports"
3150000,3450,1,1,"yes","no","no","no",0,"Rural","furnished","Terrace","None"
3150000,3986,2,2,"no","yes","no","no",1,"Rural","unfurnished","Condo","Both"
3150000,3500,2,1,"no","no","no","no",0,"Rural","semi-furnished","Condo","Both"
3150000,4095,2,1,"yes","no","no","no",2,"Rural","semi-furnished","Terrace","None"
3150000,1650,3,1,"no","no","no","no",0,"Rural","unfurnished","Condo","Ent.& Gathering"
3150000,3450,3,1,"yes","no","no","no",0,"Rural","semi-furnished","Bungalow","Ent.& Gathering"
3150000,6750,2,1,"yes","no","no","no",0,"Rural","semi-furnished","Condo","Both"
3150000,9000,3,1,"yes","no","no","no",2,"Rural","semi-furnished","Apartment","None"
3150000,3069,2,1,"yes","no","no","no",1,"Rural","unfurnished","Condo","Sports"
3143000,4500,3,1,"yes","no","no","yes",0,"Rural","unfurnished","Terrace","Sports"
3129000,5495,3,1,"yes","no","no","no",0,"Rural","unfurnished","Terrace","Both"
3118850,2398,3,1,"yes","no","no","no",0,"Urban","semi-furnished","Terrace","None"
3115000,3000,3,1,"no","no","no","yes",0,"Rural","unfurnished","Terrace","Both"
3115000,3850,3,1,"yes","no","no","no",0,"Rural","unfurnished","Terrace","Both"
3115000,3500,2,1,"yes","no","no","no",0,"Rural","unfurnished","Apartment","Ent.& Gathering"
3087000,8100,2,1,"yes","no","no","no",1,"Rural","unfurnished","Apartment","Ent.& Gathering"
3080000,4960,2,1,"yes","no","no","yes",0,"Rural","unfurnished","Terrace","Ent.& Gathering"
3080000,2160,3,1,"no","no","no","no",0,"Rural","semi-furnished","Terrace","Sports"
3080000,3090,2,1,"yes","yes","no","no",0,"Rural","unfurnished","Condo","Ent.& Gathering"
3080000,4500,2,1,"yes","no","yes","no",1,"Rural","semi-furnished","Apartment","Ent.& Gathering"
3045000,3800,2,1,"yes","no","no","no",0,"Rural","unfurnished","Condo","None"
3010000,3090,3,1,"no","no","no","no",0,"Rural","semi-furnished","Apartment","Ent.& Gathering"
3010000,3240,3,1,"yes","no","no","no",2,"Rural","semi-furnished","Condo","Ent.& Gathering"
3010000,2835,2,1,"yes","no","no","no",0,"Rural","semi-furnished","Terrace","None"
3010000,4600,2,1,"yes","no","no","no",0,"Rural","furnished","Condo","None"
3010000,5076,3,1,"no","no","no","no",0,"Rural","unfurnished","Apartment","None"
3010000,3750,3,1,"yes","no","no","no",0,"Rural","unfurnished","Bungalow","Sports"
3010000,3630,4,1,"yes","no","no","no",3,"Rural","semi-furnished","Terrace","None"
3003000,8050,2,1,"yes","no","no","no",0,"Rural","unfurnished","Apartment","Ent.& Gathering"
2975000,4352,4,1,"no","no","no","no",1,"Rural","unfurnished","Apartment","Ent.& Gathering"
2961000,3000,2,1,"yes","no","no","no",0,"Rural","semi-furnished","Condo","Sports"
2940000,5850,3,1,"yes","no","no","no",1,"Rural","unfurnished","Condo","None"
2940000,4960,2,1,"yes","no","no","no",0,"Rural","unfurnished","Condo","None"
2940000,3600,3,1,"no","no","no","no",1,"Rural","unfurnished","Terrace","Both"
2940000,3660,4,1,"no","no","no","no",0,"Rural","unfurnished","Condo","Ent.& Gathering"
2940000,3480,3,1,"no","no","no","no",1,"Rural","semi-furnished","Terrace","None"
2940000,2700,2,1,"no","no","no","no",0,"Rural","furnished","Terrace","Ent.& Gathering"
2940000,3150,3,1,"no","no","no","no",0,"Rural","unfurnished","Condo","None"
2940000,6615,3,1,"yes","no","no","no",0,"Rural","semi-furnished","Terrace","Both"
2870000,3040,2,1,"no","no","no","no",0,"Rural","unfurnished","Apartment","None"
2870000,3630,2,1,"yes","no","no","no",0,"Rural","unfurnished","Condo","Ent.& Gathering"
2870000,6000,2,1,"yes","no","no","no",0,"Rural","semi-furnished","Condo","Sports"
2870000,5400,4,1,"yes","no","no","no",0,"Rural","unfurnished","Condo","Sports"
2852500,5200,4,1,"yes","no","no","no",0,"Rural","unfurnished","Bungalow","Sports"
2835000,3300,3,1,"no","no","no","no",1,"Rural","semi-furnished","Terrace","Both"
2835000,4350,3,1,"no","no","yes","no",1,"Rural","unfurnished","Condo","Sports"
2835000,2640,2,1,"no","no","no","no",1,"Rural","furnished","Apartment","None"
2800000,2650,3,1,"yes","no","no","no",1,"Rural","unfurnished","Condo","Ent.& Gathering"
2800000,3960,3,1,"yes","no","no","no",0,"Rural","furnished","Bungalow","Both"
2730000,6800,2,1,"yes","no","no","no",0,"Rural","unfurnished","Apartment","None"
2730000,4000,3,1,"yes","no","no","no",1,"Rural","unfurnished","Terrace","Sports"
2695000,4000,2,1,"yes","no","no","no",0,"Rural","unfurnished","Terrace","None"
2660000,3934,2,1,"yes","no","no","no",0,"Rural","unfurnished","Condo","Ent.& Gathering"
2660000,2000,2,1,"yes","no","no","no",0,"Rural","semi-furnished","Condo","None"
2660000,3630,3,3,"no","yes","no","no",0,"Rural","unfurnished","Terrace","Both"
2660000,2800,3,1,"yes","no","no","no",0,"Rural","unfurnished","Bungalow","Both"
2660000,2430,3,1,"no","no","no","no",0,"Rural","unfurnished","Condo","None"
2660000,3480,2,1,"yes","no","no","no",1,"Rural","semi-furnished","Condo","Ent.& Gathering"
2660000,4000,3,1,"yes","no","no","no",0,"Rural","semi-furnished","Apartment","None"
2653000,3185,2,1,"yes","no","no","yes",0,"Rural","unfurnished","Condo","None"
2653000,4000,3,1,"yes","no","no","yes",0,"Rural","unfurnished","Condo","Ent.& Gathering"
2604000,2910,2,1,"no","no","no","no",0,"Rural","unfurnished","Condo","Sports"
2590000,3600,2,1,"yes","no","no","no",0,"Rural","unfurnished","Terrace","None"
2590000,4400,2,1,"yes","no","no","no",0,"Rural","unfurnished","Condo","Both"
2590000,3600,2,2,"yes","no","no","no",1,"Rural","furnished","Condo","Ent.& Gathering"
2520000,2880,3,1,"no","no","no","no",0,"Rural","unfurnished","Terrace","Both"
2520000,3180,3,1,"no","no","no","no",0,"Rural","unfurnished","Apartment","None"
2520000,3000,2,1,"yes","no","no","no",0,"Rural","furnished","Condo","Both"
2485000,4400,3,1,"yes","no","no","no",0,"Rural","unfurnished","Terrace","Sports"
2485000,3000,3,1,"no","no","no","no",0,"Rural","semi-furnished","Condo","Sports"
2450000,3210,3,1,"yes","no","no","no",0,"Rural","unfurnished","Bungalow","Sports"
2450000,3240,2,1,"no","yes","no","no",1,"Rural","unfurnished","Terrace","Sports"
2450000,3000,2,1,"yes","no","no","no",1,"Rural","unfurnished","Condo","None"
2450000,3500,2,1,"yes","yes","no","no",0,"Rural","unfurnished","Terrace","Sports"
2450000,4840,2,1,"yes","no","no","no",0,"Rural","unfurnished","Condo","Ent.& Gathering"
2450000,7700,2,1,"yes","no","no","no",0,"Rural","unfurnished","Condo","Sports"
2408000,3635,2,1,"no","no","no","no",0,"Rural","unfurnished","Bungalow","Sports"
2380000,2475,3,1,"yes","no","no","no",0,"Rural","furnished","Condo","None"
2380000,2787,4,2,"yes","no","no","no",0,"Rural","furnished","Terrace","Sports"
2380000,3264,2,1,"yes","no","no","no",0,"Rural","unfurnished","Condo","None"
2345000,3640,2,1,"yes","no","no","no",0,"Rural","unfurnished","Condo","Both"
2310000,3180,2,1,"yes","no","no","no",0,"Rural","unfurnished","Condo","Ent.& Gathering"
2275000,1836,2,1,"no","no","no","no",0,"Rural","semi-furnished","Apartment","None"
2275000,3970,1,1,"no","no","no","no",0,"Rural","unfurnished","Apartment","Both"
2275000,3970,3,1,"yes","no","no","no",0,"Rural","unfurnished","Condo","None"
2240000,1950,3,1,"no","no","yes","no",0,"Rural","unfurnished","Bungalow","Ent.& Gathering"
2233000,5300,3,1,"no","no","no","yes",0,"Urban","unfurnished","Terrace","None"
2135000,3000,2,1,"no","no","no","no",0,"Rural","unfurnished","Condo","Ent.& Gathering"
2100000,2400,3,1,"yes","no","no","no",0,"Rural","unfurnished","Apartment","Ent.& Gathering"
2100000,3000,4,1,"yes","no","no","no",0,"Rural","unfurnished","Condo","Sports"
2100000,3360,2,1,"yes","no","no","no",1,"Rural","unfurnished","Terrace","Sports"
1960000,3420,5,1,"no","no","no","no",0,"Rural","unfurnished","Condo","Sports"
1890000,1700,3,1,"yes","no","no","no",0,"Rural","unfurnished","Apartment","Both"
1890000,3649,2,1,"yes","no","no","no",0,"Rural","unfurnished","Apartment","Both"
1855000,2990,2,1,"no","no","no","no",1,"Rural","unfurnished","Bungalow","Both"
1820000,3000,2,1,"yes","no","no","no",2,"Rural","unfurnished","Terrace","Ent.& Gathering"
1767150,2400,3,1,"no","no","no","no",0,"Rural","semi-furnished","Condo","None"
1750000,3620,2,1,"yes","no","no","no",0,"Rural","unfurnished","Terrace","Sports"
1750000,2910,3,1,"no","no","no","no",0,"Rural","furnished","Condo","Ent.& Gathering"
1750000,3850,3,1,"yes","no","no","no",0,"Rural","unfurnished","Apartment","Both"
